"","V1","V2","V3","V4"
"1","OG0000133","ATPase activity, coupled to transmembrane movement of substances / Multidrug resistance-associated protein 1","-4.31846712099319","-4.06149260023419"
"2","OG0000222","thioesterase binding / thioesterase binding","-1.99742786720232","-1.18259039448281"
"3","OG0000365","heat shock / heat shock","1.4020097179873","3.01942345770594"
"4","OG0000418","CUB and zona pellucida-like domain-containing protein / NA","-1.22214447919114","-1.85137941884514"
"5","OG0000523","plasma membrane repair / plasma membrane repair","2.11779411380012","1.82030876375679"
"6","OG0000778","complement activation, classical pathway / carbohydrate binding","2.67185909835622","-1.64575855628707"
"7","OG0000875","homophilic cell adhesion via plasma membrane adhesion molecules / homophilic cell adhesion via plasma membrane adhesion molecules","-3.0907122948235","-2.11346585874143"
"8","OG0000877","glutamic-type peptidase activity / glutamic-type peptidase activity","2.10166187024623","-1.75621734493019"
"9","OG0001035","ammonium transmembrane transporter activity / ammonium transmembrane transporter activity","-9.27048457168282","-1.19067379644702"
"10","OG0001054","lens fiber cell differentiation / V-maf avian musculoaponeurotic fibrosarcoma oncogene homolog","3.33285214679354","1.91135735250029"
"11","OG0001060","Tumor necrosis factor receptor / nerve growth factor receptor repeats. / tumor necrosis factor-activated receptor activity","2.72865859489872","1.51079922460886"
"12","OG0001085","Sterol-sensing domain of SREBP cleavage-activation / Sterol-sensing domain of SREBP cleavage-activation","-8.10373712192794","-5.94439728029026"
"13","OG0001245","ATPase activity, coupled to transmembrane movement of substances / ATPase activity, coupled to transmembrane movement of substances","-1.53053074456463","-4.60513065940305"
"14","OG0001372","alpha-L-fucosidase activity / alpha-L-fucosidase activity","-1.11848721967449","-3.27069033361303"
"15","OG0001377","antigen processing and presentation of exogenous peptide antigen via MHC class I / antigen processing and presentation of exogenous peptide antigen via MHC class I","-2.80021148904059","-7.27949602237853"
"16","OG0001411","transmembrane transport / thyroid hormone transmembrane transporter activity","-1.94983963215935","-2.0625529535054"
"17","OG0001412","negative regulation of bile acid biosynthetic process / negative regulation of bile acid biosynthetic process","2.09107575840731","-1.57243513947419"
"18","OG0001441","DNA helicase B / NA","2.27492036079369","1.14250358363206"
"19","OG0001471","Ferric-chelate reductase / DOMON domain-containing protein","-2.59929169434357","-3.5277815842272"
"20","OG0001481","Coagulation factor 5/8 C-terminal domain, discoidin domain / integrin binding","9.75454563991551","-1.75152023928292"
"21","OG0001522","Phospholipase B domain containing 2 / lipid catabolic process","-2.21102194604047","-3.06962499128227"
"22","OG0001552","negative regulation of ectoderm development / negative regulation of ectoderm development","-2.0130599874845","-1.59929827159758"
"23","OG0001581","Tumor necrosis factor receptor / nerve growth factor receptor repeats. / NA","7.35173379426894","1.33288923827668"
"24","OG0001587","tyrosinase / tyrosinase","-3.12376493670107","1.94653521757892"
"25","OG0001633","secondary active sulfate transmembrane transporter activity / secondary active sulfate transmembrane transporter activity","-8.19312221728103","-1.03248883141958"
"26","OG0001686","PX domain / PX domain","-2.64357590196905","-2.50344708003284"
"27","OG0001713","nucleic acid binding / nucleic acid binding","-1.24628559257821","1.76116606563175"
"28","OG0002093","phosphatidylethanolamine catabolic process / phosphatidylethanolamine catabolic process","-6.99946774376972","-2.53526210951572"
"29","OG0002146","ATP:ADP antiporter activity / ATP:ADP antiporter activity","-2.77470265212246","-6.9305494607493"
"30","OG0002220","ectonucleotide pyrophosphatase phosphodiesterase / ectonucleotide pyrophosphatase phosphodiesterase","2.1330522460903","-1.03207759630751"
"31","OG0002306","protein-disulfide reductase (glutathione) activity / protein-disulfide reductase (glutathione) activity","1.01241225514562","-4.44936115191266"
"32","OG0002356","thioredoxin-disulfide reductase activity / thioredoxin-disulfide reductase activity","-5.1481580565088","-4.54929039026569"
"33","OG0002408","unfolded protein binding / unfolded protein binding","3.68984351453351","1.63374936490131"
"34","OG0002438","SOUL heme-binding protein / SOUL heme-binding protein","-2.89944108504228","-2.42444593149338"
"35","OG0002629","adiponectin receptor / adiponectin receptor","-23.5150834424659","-13.1890476700274"
"36","OG0002690","calcium ion binding / calcium ion binding","-1.12807618503001","-1.46675639124351"
"37","OG0002827","structural constituent of cuticle / negative chemotaxis","4.69280962534772","-4.46705394724856"
"38","OG0002933","metalloendopeptidase activity / Disintegrin and metalloproteinase domain-containing protein","2.39988904720447","-1.56541506065942"
"39","OG0002950","glycerol ether metabolic process / glycerol ether metabolic process","-1.61686826839076","-13.1890476700274"
"40","OG0003046","Interferon induced with helicase C domain 1 / Interferon induced with helicase C domain 1","3.35349372833444","1.54631253378267"
"41","OG0003131","methylenetetrahydrofolate reductase (NAD(P)H) activity / methylenetetrahydrofolate reductase (NAD(P)H) activity","-2.45458077184574","-4.58296944629123"
"42","OG0003165","Tnf receptor-associated factor 2 / thioesterase binding","1.30237445701993","4.61457291931826"
"43","OG0003288","aldonic acid metabolic process / aldonic acid metabolic process","-1.52502131425017","-3.01715765463807"
"44","OG0003366","inositol hexakisphosphate 6-kinase activity / inositol hexakisphosphate 6-kinase activity","1.48516519763515","-1.88713545117312"
"45","OG0003651","Casein kinase substrate phosphoprotein PP28 / RNA binding","1.03078049942146","1.51896905689227"
"46","OG0003684","Component of the eukaryotic translation initiation factor 3 (eIF-3) complex, which is involved in protein synthesis and, together with other initiation factors, stimulates binding of mRNA and methionyl-tRNAi to the 40S ribosome / Component of the eukaryotic translation initiation factor 3 (eIF-3) complex, which is involved in protein synthesis and, together with other initiation factors, stimulates binding of mRNA and methionyl-tRNAi to the 40S ribosome","-6.23501091784436","-1.82929088895537"
"47","OG0003692","acidic dipeptidase / acidic dipeptidase","1.2647656050531","-2.42444593149338"
"48","OG0003696","dimethylglycine dehydrogenase activity / dimethylglycine dehydrogenase activity","1.67382293782219","2.61978632028314"
"49","OG0003732","non-membrane spanning protein tyrosine phosphatase activity / non-membrane spanning protein tyrosine phosphatase activity","-2.08667948651921","-2.93594880913425"
"50","OG0003761","Pleckstrin homology domain. / NA","1.8502857992135","1.00511007868861"
"51","OG0003785","rRNA (pseudouridine) methyltransferase activity / rRNA (pseudouridine) methyltransferase activity","-3.22666819991705","2.31925747653448"
"52","OG0003815","PPIases accelerate the folding of proteins. It catalyzes the cis-trans isomerization of proline imidic peptide bonds in oligopeptides / PPIases accelerate the folding of proteins. It catalyzes the cis-trans isomerization of proline imidic peptide bonds in oligopeptides","-10.2641399536216","-8.1753595207042"
"53","OG0003926","positive regulation of DNA N-glycosylase activity / positive regulation of DNA N-glycosylase activity","-2.06712593937292","-2.67536096787952"
"54","OG0003938","myosin light chain kinase activity / protein kinase activity","9.78209748330108","3.15147538614147"
"55","OG0003951","positive regulation of TOR signaling / positive regulation of TOR signaling","-2.80632212373878","-2.67103123623601"
"56","OG0004037","ubiquitin-like protein-specific protease activity / ubiquitin-like protein-specific protease activity","-1.65861683743877","-1.43401101678403"
"57","OG0004075","L-gulonolactone oxidase-like / L-gulonolactone oxidase-like","-5.6480457764007","-5.1379804747185"
"58","OG0004083","PEST proteolytic signal containing nuclear protein / PEST proteolytic signal containing nuclear protein","4.69369104866074","3.54681067721454"
"59","OG0004139","Transferrin / NA","-1.92426991033073","-1.35188897033064"
"60","OG0004142","MAP kinase activity / MAP kinase activity","-4.11671444151029","-1.91812598581518"
"61","OG0004157","lens induction in camera-type eye / lens induction in camera-type eye","-1.34550369947466","-1.66965179849341"
"62","OG0004183","calcium, potassium:sodium antiporter activity / calcium, potassium:sodium antiporter activity","-1.65083472587022","-2.80130314829142"
"63","OG0004187","riboflavin transmembrane transporter activity / riboflavin transmembrane transporter activity","-2.17560677747451","-1.00511007868861"
"64","OG0004276","recombination hotspot binding / recombination hotspot binding","-5.11597312341913","-2.51034131078027"
"65","OG0004300","adenosine kinase activity / adenosine kinase activity","-13.2430695009355","-2.78523557629305"
"66","OG0004304","actin filament polymerization / actin filament polymerization","2.38144271268939","1.00850101751175"
"67","OG0004341","Activating molecule in BECN1-regulated autophagy protein / Activating molecule in BECN1-regulated autophagy protein","-2.18902059817444","-3.09320178041313"
"68","OG0004388","enhancer sequence-specific DNA binding / enhancer sequence-specific DNA binding","3.69436078961761","6.13481217635013"
"69","OG0004437","abducens nerve formation / abducens nerve formation","4.85475467921416","6.42855482578355"
"70","OG0004469","Nucleoporin / Nucleoporin","-2.34396378979703","-2.49367183557979"
"71","OG0004489","protein phosphatase inhibitor activity / protein phosphatase inhibitor activity","3.50222274462108","2.68364852380795"
"72","OG0004522","ubiquitin binding / NA","-5.19425434913432","-3.51402267749973"
"73","OG0004533","Transfers N-acetylgalactosamine (GalNAc) from UDP-GalNAc to N-acetylglucosamine-beta-benzyl with a beta-1,4-linkage to form N,N'-diacetyllactosediamine, GalNAc-beta-1,4-GlcNAc structures in N-linked glycans and probably O-linked glycans / N-acetyl-beta-glucosaminyl-glycoprotein 4-beta-N-acetylgalactosaminyltransferase activity","1.30930137031814","1.24113872095722"
"74","OG0004546","Hemicentin 1 / NA","1.02437812350592","1.60896218150062"
"75","OG0004565","Sulfide quinone / Sulfide quinone","3.73317353695501","2.86234744332806"
"76","OG0004597","regulation of mRNA cleavage / Cleavage and polyadenylation","-1.11011790441786","-1.71626502058284"
"77","OG0004650","ATPase activity, coupled to transmembrane movement of substances / ATPase activity, coupled to transmembrane movement of substances","-13.5528385043606","-9.99738770966035"
"78","OG0004661","ATP-dependent chromatin remodeling / ATP-dependent chromatin remodeling","-2.4677873587595","-7.06002473434865"
"79","OG0004694","intracellular chloride channel activity / intracellular chloride channel activity","1.72355968811854","2.15887647803543"
"80","OG0004710","cyclin-dependent protein serine/threonine kinase activity / cyclin-dependent protein serine/threonine kinase activity","3.35544421030179","1.95845748037897"
"81","OG0004721","cytoskeletal anchoring at plasma membrane / cytoskeletal anchoring at plasma membrane","1.7829215524107","2.76857124617117"
"82","OG0004777","Paired box 3 / skeletal muscle satellite cell commitment","-2.41891770579881","-5.57933655358036"
"83","OG0004802","Phosphoenolpyruvate phosphomutase / Phosphoenolpyruvate phosphomutase","-1.39554981121023","-3.79121252535743"
"84","OG0004806","Fragile histidine triad / Fragile histidine triad","-1.1020175798803","-1.98653297966948"
"85","OG0004922","BIR domain binding / BIR domain binding","-1.1244570420501","-9.87557298218378"
"86","OG0004934","Phosphatidic acid phosphatase type 2B / Phosphatidic acid phosphatase type 2B","-2.60444318504656","2.07500958001816"
"87","OG0004937","protein serine/threonine phosphatase activity / protein serine/threonine phosphatase activity","-1.90317772520045","-1.83964123530964"
"88","OG0004958","PUB domain / PUB domain","1.75439208474419","-2.60215021759579"
"89","OG0004978","Histone H1-delta-like / Histone H1-delta-like","4.51563563629871","8.56160126014027"
"90","OG0004995","26s proteasome non-ATPase regulatory subunit / 26s proteasome non-ATPase regulatory subunit","-1.85972425457522","-4.41742661007848"
"91","OG0005018","ribosomal protein / ribosomal protein","-1.60610099074527","-1.07026905505396"
"92","OG0005030","O-acyltransferase / O-acyltransferase","-2.14071380464745","-2.5875758818509"
"93","OG0005039","calcium ion-regulated exocytosis of neurotransmitter / NA","3.89149501666652","3.14336563369745"
"94","OG0005066","glycine rich nucleic binding domain / G patch domain-containing protein 4","-1.15838777407146","-1.21465201921716"
"95","OG0005139","glutamate synthase (NADH) activity. It is involved in the biological process described with oxidation-reduction process / GXGXG motif","-1.61781945650989","-21.6384725796877"
"96","OG0005264","HD domain / HD domain","-2.60438161557102","-3.56911979693985"
"97","OG0005305","Belongs to the D-isomer specific 2-hydroxyacid dehydrogenase family / Belongs to the D-isomer specific 2-hydroxyacid dehydrogenase family","-1.20421210194178","-1.6229216674254"
"98","OG0005313","threonine-type endopeptidase activity / threonine-type endopeptidase activity","-2.79542798350655","-1.65822618526848"
"99","OG0005407","glycine biosynthetic process from serine / glycine biosynthetic process from serine","-6.13689351853549","-3.92313103845987"
"100","OG0005424","regulation of T cell differentiation in thymus / regulation of T cell differentiation in thymus","-1.53365221089966","-3.82291203868667"
"101","OG0005451","Involved in intracellular signal transduction mediated by cytokines and growth factors. When associated with STAM, it suppresses DNA signaling upon stimulation by IL-2 and GM-CSF. Could be a direct effector of PI3-kinase in vesicular pathway via early endosomes and may regulate trafficking to early and late endosomes by recruiting clathrin. May concentrate ubiquitinated receptors within clathrin-coated regions. Involved in down- regulation of receptor tyrosine kinase via multivesicular body (MVBs) when complexed with STAM (ESCRT-0 complex). The ESCRT-0 complex binds ubiquitin and acts as sorting machinery that recognizes ubiquitinated receptors and transfers them to further sequential lysosomal sorting trafficking processes. May contribute to the efficient recruitment of SMADs to the activin receptor complex. Involved in receptor recycling via its association with the CART complex, a multiprotein complex required for efficient transferrin receptor recycling but not for EGFR degradation / Involved in intracellular signal transduction mediated by cytokines and growth factors. When associated with STAM, it suppresses DNA signaling upon stimulation by IL-2 and GM-CSF. Could be a direct effector of PI3-kinase in vesicular pathway via early endosomes and may regulate trafficking to early and late endosomes by recruiting clathrin. May concentrate ubiquitinated receptors within clathrin-coated regions. Involved in down- regulation of receptor tyrosine kinase via multivesicular body (MVBs) when complexed with STAM (ESCRT-0 complex). The ESCRT-0 complex binds ubiquitin and acts as sorting machinery that recognizes ubiquitinated receptors and transfers them to further sequential lysosomal sorting trafficking processes. May contribute to the efficient recruitment of SMADs to the activin receptor complex. Involved in receptor recycling via its association with the CART complex, a multiprotein complex required for efficient transferrin receptor recycling but not for EGFR degradation","-1.24745170618248","-1.09696276678767"
"102","OG0005469","intracellular distribution of mitochondria / intracellular distribution of mitochondria","-2.23414175042432","-3.47858078048173"
"103","OG0005474","Carnitine O-palmitoyltransferase 1, liver isoform / Belongs to the carnitine choline acetyltransferase family","-1.12496471589308","-6.90892737920032"
"104","OG0005521","suppression of tumorigenicity 13 (colon carcinoma) (Hsp70 interacting protein) / Suppression of tumorigenicity 13 (colon carcinoma) (Hsp70 interacting protein)","3.22765038174978","2.5253433979694"
"105","OG0005544","homolog subfamily C member 7 / homolog subfamily C member 7","-2.06566618512764","-2.03461046371872"
"106","OG0005579","metal ion binding / metal ion binding","-3.7263543423303","1.07375852954884"
"107","OG0005651","positive regulation of protein localization to plasma membrane / Protein canopy homolog 4","2.46712891699476","4.95313879556977"
"108","OG0005683","regulation of actin phosphorylation / regulation of actin phosphorylation","-1.03292248477506","-3.3890060208079"
"109","OG0005698","FMN transmembrane transporter activity / FMN transmembrane transporter activity","-4.18243031680902","-1.9011543659546"
"110","OG0005716","EF-hand domain family, member / EF-hand domain family, member","4.83890483082877","2.27666423455718"
"111","OG0005731","nuclear protein 1 / nuclear protein 1","-2.98054922625749","-1.0738097388332"
"112","OG0005801","RNA splicing / RNA splicing","-1.70761270821247","-1.67980051714908"
"113","OG0005900","SMG6 nonsense mediated mRNA decay factor / nonsense mediated mRNA decay factor","-3.07177788701372","1.86254731928038"
"114","OG0005967","Solute carrier family 35 / Solute carrier family 35","-1.54502840976995","-6.70894733768049"
"115","OG0005974","glutamine biosynthetic process / glutamine biosynthetic process","3.31689433032175","-2.85397339392924"
"116","OG0006010","quinone binding / quinone binding","1.54358703928149","-3.51161425706977"
"117","OG0006020","Catalyzes conversion of folates to polyglutamate derivatives allowing concentration of folate compounds in the cell and the intracellular retention of these cofactors, which are important substrates for most of the folate-dependent enzymes that are involved in one-carbon transfer reactions involved in purine, pyrimidine and amino acid synthesis / Catalyzes conversion of folates to polyglutamate derivatives allowing concentration of folate compounds in the cell and the intracellular retention of these cofactors, which are important substrates for most of the folate-dependent enzymes that are involved in one-carbon transfer reactions involved in purine, pyrimidine and amino acid synthesis","-3.22666819991705","-6.39626538846236"
"118","OG0006039","Luc7-like protein 3 / Luc7-like protein 3","3.46341907568781","2.21342848294556"
"119","OG0006049","N-acetyl-beta-glucosaminyl-glycoprotein 4-beta-N-acetylgalactosaminyltransferase activity / N-acetyl-beta-glucosaminyl-glycoprotein 4-beta-N-acetylgalactosaminyltransferase activity","2.82335038104727","1.74772064623701"
"120","OG0006063","negative regulation of glucocorticoid receptor signaling pathway / negative regulation of glucocorticoid receptor signaling pathway","-22.3015546884252","-2.69040105166523"
"121","OG0006103","lethal(3)malignant brain tumor-like protein / lethal(3)malignant brain tumor-like protein","2.30596414205626","1.9158952556272"
"122","OG0006179","Belongs to the eukaryotic ribosomal protein eS4 family / Belongs to the eukaryotic ribosomal protein eS4 family","-1.25321135573117","-2.4384526681067"
"123","OG0006183","BTB POZ domain-containing protein / BTB POZ domain-containing protein","1.13309294283493","-2.15842025221762"
"124","OG0006214","endoplasmic reticulum-plasma membrane tethering / endoplasmic reticulum-plasma membrane tethering","5.91641545519483","4.00592165467231"
"125","OG0006224","iron-sulfur cluster assembly / iron-sulfur cluster assembly","1.31352255768164","-1.42927706016477"
"126","OG0006254","Non-lysosomal glucosylceramidase that catalyzes the conversion of glucosylceramide to free glucose and ceramide / Non-lysosomal glucosylceramidase that catalyzes the conversion of glucosylceramide to free glucose and ceramide","-2.57961761800625","-3.3538935415695"
"127","OG0006296","Initiation factor 5a / eukaryotic translation initiation factor","-23.0406372025859","-11.1372230595208"
"128","OG0006321","Marginal zone B and / Marginal zone B and","10.7941719613238","-3.39842957596534"
"129","OG0006383","26S proteasome non-ATPase regulatory subunit / 26S proteasome non-ATPase regulatory subunit","-1.78084527905847","-1.12598103599063"
"130","OG0006384","defense response to fungus / defense response to fungus","-6.56365179010597","-7.17179156292166"
"131","OG0006517","lysyl-tRNA synthetase / lysyl-tRNA synthetase","-1.47037384328877","1.37713743246278"
"132","OG0006538","subunit of the gamma-secretase complex, an endoprotease complex that catalyzes the intramembrane cleavage of integral membrane proteins such as Notch receptors / subunit of the gamma-secretase complex, an endoprotease complex that catalyzes the intramembrane cleavage of integral membrane proteins such as Notch receptors","-1.99545593096732","-3.94349426405518"
"133","OG0006543","DNA-directed RNA polymerases I, II, and III subunit / DNA-directed RNA polymerase activity. It is involved in the biological process described with transcription, DNA-templated","-1.01032600508486","-1.67793630067046"
"134","OG0006565","PPIases accelerate the folding of proteins. It catalyzes the cis-trans isomerization of proline imidic peptide bonds in oligopeptides / PPIases accelerate the folding of proteins. It catalyzes the cis-trans isomerization of proline imidic peptide bonds in oligopeptides","7.99384185732513","-1.74661070758146"
"135","OG0006571","positive regulation of NLRP3 inflammasome complex assembly / positive regulation of NLRP3 inflammasome complex assembly","-1.65229347076672","-1.66799091536194"
"136","OG0006629","Calcium ion binding / calcium ion binding","39.2362903488291","31.8750385600728"
"137","OG0006690","Belongs to the class I-like SAM-binding methyltransferase superfamily. RsmB NOP family / Belongs to the class I-like SAM-binding methyltransferase superfamily. RsmB NOP family","-1.00753744221396","-2.36395544432283"
"138","OG0006704","Pyruvate Dehydrogenase Phosphatase Regulatory subunit / Pyruvate Dehydrogenase Phosphatase Regulatory subunit","1.14089979266526","1.39242299294736"
"139","OG0006765","N-succinyltransferase activity / N-succinyltransferase activity","-7.81657918949297","-3.50840510006505"
"140","OG0006916","cellular response to nitroglycerin / cellular response to nitroglycerin","-6.14878566696246","-3.94874093477431"
"141","OG0006998","BCCT, betaine/carnitine/choline family transporter / BCCT, betaine/carnitine/choline family transporter","-3.43270230627855","-9.87431044959923"
"142","OG0007013","box H/ACA snoRNA 3'-end processing / box H/ACA snoRNA 3'-end processing","-3.8636418242946","-2.41395502140488"
"143","OG0007085","acetyl-CoA C-acyltransferase activity / acetyl-CoA C-acyltransferase activity","-1.69247409016099","-1.12105198000458"
"144","OG0007099","SOCS box / SOCS box","1.09374804577574","1.32569293170228"
"145","OG0007104","maltose alpha-glucosidase activity / maltose alpha-glucosidase activity","-1.13585284508575","-7.16966683256847"
"146","OG0007115","RNA splicing / metal ion binding","4.56967141093017","3.11239659758455"
"147","OG0007204","V-myc avian myelocytomatosis viral oncogene homolog / V-myc avian myelocytomatosis viral oncogene neuroblastoma derived homolog","3.70659764798609","1.69448230764564"
"148","OG0007223","retrograde transport, endosome to Golgi / retrograde transport, endosome to Golgi","-1.51686455876554","-2.08628467114104"
"149","OG0007240","ribosomal protein L12 / ribosomal protein L12","-2.23414175042432","-2.03865600045838"
"150","OG0007289","Lysosomal Pro-X / Lysosomal Pro-X","-1.96831023759129","-1.13701775934492"
"151","OG0007308","spectrin binding / spectrin binding","-3.15288801605541","1.1282560654289"
"152","OG0007322","GTP-specific succinyl-CoA synthetase functions in the citric acid cycle (TCA), coupling the hydrolysis of succinyl-CoA to the synthesis of GTP and thus represents the only step of substrate-level phosphorylation in the TCA. The beta subunit provides nucleotide specificity of the enzyme and binds the substrate succinate, while the binding sites for coenzyme A and phosphate are found in the alpha subunit / GTP-specific succinyl-CoA synthetase functions in the citric acid cycle (TCA), coupling the hydrolysis of succinyl-CoA to the synthesis of GTP and thus represents the only step of substrate-level phosphorylation in the TCA. The beta subunit provides nucleotide specificity of the enzyme and binds the substrate succinate, while the binding sites for coenzyme A and phosphate are found in the alpha subunit","1.60797613013034","-1.6025841998954"
"153","OG0007324","N-glycan processing to lysosome / N-glycan processing to lysosome","-5.02736355997512","-3.5736726790103"
"154","OG0007327","Belongs to the aldehyde dehydrogenase family / Belongs to the aldehyde dehydrogenase family","-1.01568751122694","-7.18260397631989"
"155","OG0007373","negative regulation of smooth muscle cell differentiation / negative regulation of smooth muscle cell differentiation","2.03722830067738","1.07144117191388"
"156","OG0007376","ribosomal large subunit assembly / ribosomal large subunit assembly","-2.06712593937292","-2.39918043413939"
"157","OG0007377","ribosomal small subunit assembly / ribosomal small subunit assembly","-1.7603544251051","-1.3411261257299"
"158","OG0007410","stromal membrane-associated protein / stromal membrane-associated protein","-1.42066712939631","-3.03877535041761"
"159","OG0007445","ornithine carbamoyltransferase activity / ornithine carbamoyltransferase activity","1.40180099445468","1.74110751242407"
"160","OG0007509","cortical actin cytoskeleton organization / cortical actin cytoskeleton organization","1.45647343054415","2.46209920409403"
"161","OG0007519","this phosphorylation event is a prerequisite for the subsequent ligation of the two exon halves and the production of a mature tRNA. Component of the pre-mRNA cleavage complex II (CF-II), which seems to be required for mRNA 3'-end formation. Also phosphorylates the 5'-terminus of exogenously introduced short interfering RNAs (siRNAs), which is a necessary prerequisite for their incorporation into the RNA- induced silencing complex (RISC). However, endogenous siRNAs and microRNAs (miRNAs) that are produced by the cleavage of dsRNA precursors by DICER1 already contain a 5'-phosphate group, so this protein may be dispensible for normal RNA-mediated gene silencing / this phosphorylation event is a prerequisite for the subsequent ligation of the two exon halves and the production of a mature tRNA. Component of the pre-mRNA cleavage complex II (CF-II), which seems to be required for mRNA 3'-end formation. Also phosphorylates the 5'-terminus of exogenously introduced short interfering RNAs (siRNAs), which is a necessary prerequisite for their incorporation into the RNA- induced silencing complex (RISC). However, endogenous siRNAs and microRNAs (miRNAs) that are produced by the cleavage of dsRNA precursors by DICER1 already contain a 5'-phosphate group, so this protein may be dispensible for normal RNA-mediated gene silencing","-1.76113792545101","-1.33595936929055"
"162","OG0007546","dolichyl-phosphate-mannose-protein mannosyltransferase activity / dolichyl-phosphate-mannose-protein mannosyltransferase activity","2.53494068086025","-1.5778367879262"
"163","OG0007582","RNA polymerase II sequence-specific DNA-binding transcription factor binding / RNA polymerase II sequence-specific DNA-binding transcription factor binding","-2.61947470396236","-3.2681086335913"
"164","OG0007627","Universal stress protein family / Universal stress protein family","4.98870776003929","-4.24339773151197"
"165","OG0007685","Sodium-dependent phosphate transport protein / Sodium-dependent phosphate transport protein","-14.6914014830556","-1.7143114465357"
"166","OG0007692","hydrolase activity / hydrolase activity","-2.67581968334763","-3.68519453511259"
"167","OG0007705","hematopoietic progenitor cell differentiation / hematopoietic progenitor cell differentiation","-1.60819407820422","1.19815497878044"
"168","OG0007707","Belongs to the universal ribosomal protein uL5 family / Belongs to the universal ribosomal protein uL5 family","-1.28425350010457","-4.27757628020889"
"169","OG0007712","26s proteasome non-ATPase regulatory subunit / 26s proteasome non-ATPase regulatory subunit","-7.45468842523588","-4.73524733189349"
"170","OG0007779","Solute carrier family 12 / Solute carrier family 12","-5.11516807623786","-6.60258419453383"
"171","OG0007846","threonine-type endopeptidase activity / threonine-type endopeptidase activity","-1.22006658075527","-4.49353075751027"
"172","OG0007881","Belongs to the small heat shock protein (HSP20) family / structural constituent of eye lens","2.12622201627895","2.41552199321437"
"173","OG0007907","prostaglandin-F synthase activity / prostaglandin-F synthase activity","-3.98294822832504","-3.21321803678543"
"174","OG0007984","Ribosomal protein L14p/L23e / large ribosomal subunit rRNA binding","-1.13585284508575","-2.1357433303902"
"175","OG0008033","Belongs to the AAA ATPase family / Belongs to the AAA ATPase family","-1.9930570215294","-2.30420697150003"
"176","OG0008049","Complement Clr-like EGF-like / NA","1.46516311229755","1.00010185700716"
"177","OG0008078","WD repeat-containing protein 82 / WD repeat-containing protein 82","-1.07799984506545","-1.16871446385982"
"178","OG0008115","Hairy and enhancer of split-related protein helt / Hairy and enhancer of split-related protein helt","-4.24920727328153","-2.13340331360638"
"179","OG0008193","threonine-type endopeptidase activity / threonine-type endopeptidase activity","-3.24828729185335","-4.05755805587724"
"180","OG0008209","protein kinase activity / protein kinase activity","-6.44865524588843","-2.10991536395801"
"181","OG0008249","nicotinamide phosphoribosyltransferase activity / nicotinamide phosphoribosyltransferase activity","-1.27121507857158","1.18923813362308"
"182","OG0008262","structural constituent of ribosome / structural constituent of ribosome","-3.37201777377758","-1.47810227900779"
"183","OG0008266","pyruvate carboxylase activity / pyruvate carboxylase activity","1.41955086515699","2.67536096787952"
"184","OG0008312","protein ubiquitination / protein ubiquitination","1.12496471589308","3.81185843360315"
"185","OG0008315","Belongs to the eukaryotic ribosomal protein eS30 family / Belongs to the eukaryotic ribosomal protein eS30 family","-1.28661728426714","-3.77208528052122"
"186","OG0008320","supervillin / supervillin","1.11096869919703","1.0907027591684"
"187","OG0008329","IPT/TIG domain / IPT/TIG domain","1.22404418959571","3.96793332948612"
"188","OG0008335","glutamine biosynthetic process / glutamine biosynthetic process","-2.9449193237811","-4.53340144005916"
"189","OG0008339","60s ribosomal protein / 60s ribosomal protein","-1.96831023759129","-2.79394851812725"
"190","OG0008350","Acyl-CoA synthetase long-chain family member / Acyl-CoA synthetase long-chain family member","-1.07337156004778","-6.80031143526159"
"191","OG0008357","RNA-binding component of the eukaryotic translation initiation factor 3 (eIF-3) complex, which is involved in protein synthesis of a specialized repertoire of mRNAs and, together with other initiation factors, stimulates binding of mRNA and methionyl-tRNAi to the 40S ribosome. The eIF-3 complex specifically targets and initiates translation of a subset of mRNAs involved in cell proliferation. This subunit can bind 18S rRNA / RNA-binding component of the eukaryotic translation initiation factor 3 (eIF-3) complex, which is involved in protein synthesis of a specialized repertoire of mRNAs and, together with other initiation factors, stimulates binding of mRNA and methionyl-tRNAi to the 40S ribosome. The eIF-3 complex specifically targets and initiates translation of a subset of mRNAs involved in cell proliferation. This subunit can bind 18S rRNA","-2.16655155886592","-1.36813016699968"
"192","OG0008373","Isocitrate lyase family / Isocitrate lyase family","-1.65521921579944","-11.0469030793025"
"193","OG0008393","Starch/carbohydrate-binding module (family 53) / Starch/carbohydrate-binding module (family 53)","2.32742937743371","1.22986691350818"
"194","OG0008404","serine-type endopeptidase activity / Belongs to the peptidase S1 family","1.8349563682362","-4.91311063510498"
"195","OG0008444","DOMON domain-containing protein / DOMON domain-containing protein","-1.16642007188441","-4.81353599386758"
"196","OG0008455","zinc ion binding / zinc ion binding","-1.21781133984521","-5.70480784405145"
"197","OG0008484","establishment of Sertoli cell barrier / establishment of Sertoli cell barrier","4.08936663615013","1.96663317831169"
"198","OG0008568","spliceosomal snRNP assembly / spliceosomal snRNP assembly","-1.71487835697839","-4.75307670820774"
"199","OG0008683","Glucose-induced degradation protein 8 homolog / Glucose-induced degradation protein 8 homolog","-1.59838581004916","-1.86451475302735"
"200","OG0008743","proteasome-activating ATPase activity / proteasome-activating ATPase activity","-2.36518754494719","-3.93538897749985"
"201","OG0008754","calcium ion binding / calcium ion binding","5.82721615698159","9.94259926190258"
"202","OG0008790","phosphatase 5 / phosphatase 5","-1.52502131425017","-9.19037165737342"
"203","OG0008799","Cys/Met metabolism PLP-dependent enzyme / Cys/Met metabolism PLP-dependent enzyme","-12.8490263439992","-8.49401822833435"
"204","OG0008870","muscle alpha-actinin binding / muscle alpha-actinin binding","-1.21740606235957","1.24942617171501"
"205","OG0008952","regulation of endoplasmic reticulum stress-induced intrinsic apoptotic signaling pathway / regulation of endoplasmic reticulum stress-induced intrinsic apoptotic signaling pathway","14.6434598360616","1.62417071652605"
"206","OG0008964","ER-associated misfolded protein catabolic process / ER-associated misfolded protein catabolic process","-2.43088166975732","-2.17213368495679"
"207","OG0008980","medium-chain-acyl-CoA dehydrogenase activity / acyl-CoA dehydrogenase family member 9","-3.7783513959939","-3.24062077866017"
"208","OG0009207","protein processing involved in protein targeting to mitochondrion / protein processing involved in protein targeting to mitochondrion","-1.11553956261225","-3.44770765719525"
"209","OG0009228","ATPase activity / ATPase activity","-1.57959728720873","-1.09462135417802"
"210","OG0009244","Thioredoxin domain-containing protein 17 / protein-disulfide reductase activity","2.05244627060788","4.29870159302594"
"211","OG0009275","Catalyzes the three sequential steps of the methylation pathway of phosphatidylcholine biosynthesis, the SAM-dependent methylation of phosphatidylethanolamine (PE) to phosphatidylmonomethylethanolamine (PMME), PMME to phosphatidyldimethylethanolamine (PDME), and PDME to phosphatidylcholine (PC) / Catalyzes the three sequential steps of the methylation pathway of phosphatidylcholine biosynthesis, the SAM-dependent methylation of phosphatidylethanolamine (PE) to phosphatidylmonomethylethanolamine (PMME), PMME to phosphatidyldimethylethanolamine (PDME), and PDME to phosphatidylcholine (PC)","-6.85063857620817","-2.91493101000844"
"212","OG0009282","Carboxypeptidase / Carboxypeptidase","1.14826675893586","-2.6268767301248"
"213","OG0009286","S-adenosylhomocysteine catabolic process / S-adenosylhomocysteine catabolic process","-2.24932539879899","-5.70999375876049"
"214","OG0009332","RmlD substrate binding domain / RmlD substrate binding domain","-2.88156928288217","-4.03891539773394"
"215","OG0009419","acylglycerol kinase activity / acylglycerol kinase activity","-1.39238377058308","-1.17564376142397"
"216","OG0009420","collagen / Fibrillar collagens C-terminal domain","1.0316145118929","-1.44865649031222"
"217","OG0009455","Serine peptidase inhibitor, Kunitz type, 2 / collateral sprouting in absence of injury","3.61641895261214","-1.14444465493813"
"218","OG0009478","protein-glutamine gamma-glutamyltransferase activity / protein-glutamine gamma-glutamyltransferase activity","1.60877107441785","1.03862460642341"
"219","OG0009515","regulation of cellular macromolecule biosynthetic process / regulation of cellular macromolecule biosynthetic process","-1.67026239756554","-2.04967282211394"
"220","OG0009519","Belongs to the universal ribosomal protein uL13 family / Belongs to the universal ribosomal protein uL13 family","-2.7846240402554","-4.03035465592148"
"221","OG0009551","2Fe-2S iron-sulfur cluster binding domain / 2 iron, 2 sulfur cluster binding","-6.56093679516136","1.39637049463048"
"222","OG0009555","translational elongation / translational elongation","-3.31255953063169","-2.12379180730913"
"223","OG0009644","isocitrate dehydrogenase (NADP+) activity / isocitrate dehydrogenase (NADP+) activity","-1.6845422636919","-1.96663317831169"
"224","OG0009652","saccharopine dehydrogenase (NAD+, L-lysine-forming) activity / saccharopine dehydrogenase (NAD+, L-lysine-forming) activity","9.03431896359323","3.5797470245278"
"225","OG0009661","ITP binding / ITP binding","-3.7943129196379","-2.29774052729844"
"226","OG0009662","Far upstream element-binding protein / Far upstream element-binding protein","-1.13309294283493","-3.41980051094451"
"227","OG0009683","DIRAS family, GTP-binding Ras-like / DIRAS family, GTP-binding Ras-like","1.28546113992077","-3.38646891865542"
"228","OG0009685","cysteine-type endopeptidase activity / cysteine-type endopeptidase activity","-1.10386327641049","-5.22398995544874"
"229","OG0009703","unfolded protein binding / unfolded protein binding","-1.06612419194272","-4.95110378411728"
"230","OG0009704","Dermatopontin / Dermatopontin","1.33501873514408","-1.23935918421191"
"231","OG0009741","negative regulation of ERK1 and ERK2 cascade / negative regulation of ERK1 and ERK2 cascade","-3.89279335643617","-3.97044578787902"
"232","OG0009765","TAF6-like RNA polymerase II, p300 CBP-associated / TAF6-like RNA polymerase II, p300 CBP-associated","-2.34744611314356","3.97523283133129"
"233","OG0009791","ABRA C-terminal like / ABRA C-terminal like","-2.31662961636602","-3.09296494722368"
"234","OG0009837","Phosphatidylethanolamine-binding protein / Phosphatidylethanolamine-binding protein","2.27432986881024","5.79329062880762"
"235","OG0009897","ER membrane protein complex subunit / ER membrane protein complex subunit","-1.88510148252748","-1.28521355070996"
"236","OG0009962","pectin acetylesterase activity / pectin acetylesterase activity","1.92514638568905","-1.63518818937014"
"237","OG0010005","CAAX-box protein maturation / CAAX-box protein maturation","-1.72628414188941","-1.81869374557079"
"238","OG0010035","Core-binding factor / Core-binding factor","1.30510686553312","1.08412227605039"
"239","OG0010042","cysteine desulfurase activity / cysteine desulfurase activity","-6.23039242617477","-4.07097315062191"
"240","OG0010049","sodium-dependent L-ascorbate transmembrane transporter activity / sodium-dependent L-ascorbate transmembrane transporter activity","-1.11255086109912","1.07188269054738"
"241","OG0010063","signal recognition particle binding / signal recognition particle binding","-1.57015351956696","-1.45709217759741"
"242","OG0010098","tryptophan 5-monooxygenase activity / tryptophan 5-monooxygenase activity","2.0900383470068","3.98470405218032"
"243","OG0010126","tektin 2 (testicular) / tektin 2 (testicular)","-1.46867284068451","-2.44210481204721"
"244","OG0010154","Electron transfer flavoprotein subunit / Electron transfer flavoprotein subunit","1.7936016258823","-1.36196758947837"
"245","OG0010191","proteasome assembly / proteasome assembly","-3.24439222696875","-1.10827890328598"
"246","OG0010216","scavenger receptor activity / scavenger receptor activity","-4.51985432196648","-1.96960779989499"
"247","OG0010275","cytoplasmic translational termination / cytoplasmic translational termination","-1.57696431202058","-3.93522102765249"
"248","OG0010357","cellular zinc ion homeostasis / cellular zinc ion homeostasis","-4.71150735326829","-7.34162594214709"
"249","OG0010456","Belongs to the peptidase M10A family / Belongs to the peptidase M10A family","1.19338799417087","-1.61563381742903"
"250","OG0010477","oxidoreductase activity, oxidizing metal ions with flavin as acceptor / oxidoreductase activity, oxidizing metal ions with flavin as acceptor","-12.4519830101647","-5.80175584016902"
"251","OG0010491","structural constituent of ribosome / structural constituent of ribosome","-1.51018913713695","-4.16269520903822"
"252","OG0010499","nucleotide binding. It is involved in the biological process described with RNA processing / nucleotide binding. It is involved in the biological process described with RNA processing","1.66867656113045","2.24971988000471"
"253","OG0010571","Sushi, von Willebrand factor type A, EGF and pentraxin domain-containing protein 1-like / NA","1.27206409243668","1.00803329364921"
"254","OG0010598","PRELI domain-containing protein 2 / PRELI domain-containing protein 2","2.76596378254567","3.77208528052122"
"255","OG0010599","translation initiation factor activity / translation initiation factor activity","-1.25251367659479","-3.40640585683343"
"256","OG0010612","homeobox / DNA binding","1.41716349478918","1.82286414122657"
"257","OG0010614","collagen / NA","1.05184750325406","5.84601804928461"
"258","OG0010646","bleomycin hydrolase / bleomycin hydrolase","-2.80823814615082","-5.05351817572253"
"259","OG0010649","WW and C2 domain containing / regulation of hippo signaling","4.95118325794262","1.11159510752217"
"260","OG0010658","mannose-ethanolamine phosphotransferase activity / mannose-ethanolamine phosphotransferase activity","-1.75716245599488","-1.0732250296089"
"261","OG0010671","Elongation factor / Elongation factor","-7.23055254363051","-7.77172265990979"
"262","OG0010681","RNA pseudouridylate synthase / RNA pseudouridylate synthase","-1.09983650654242","-1.30869957306592"
"263","OG0010700","endoplasmic reticulum stress-induced pre-emptive quality control / NA","-1.34099504689345","-7.19915625344433"
"264","OG0010724","positive regulation of Golgi to plasma membrane protein transport / positive regulation of Golgi to plasma membrane protein transport","-1.65229347076672","-6.53914845983312"
"265","OG0010748","maintenance of mitotic sister chromatid cohesion / maintenance of mitotic sister chromatid cohesion","-4.92270141664795","1.36353233067561"
"266","OG0010750","structural constituent of ribosome / structural constituent of ribosome","-2.36457533202204","-2.22095286706181"
"267","OG0010783","threonine-type endopeptidase activity / threonine-type endopeptidase activity","-1.2715227540577","-6.96177372680091"
"268","OG0010803","PX domain / PX domain","-1.12574765726174","1.16063679741827"
"269","OG0010812","phosphoethanolamine N-methyltransferase / Phosphoethanolamine methyltransferase","-4.28189624753702","-1.33323441975113"
"270","OG0010839","suppressor of G2 allele of SKP1 / suppressor of G2 allele of SKP1","1.37128749520906","1.25069709773135"
"271","OG0010857","protein disulfide oxidoreductase activity / Glutaredoxin","-1.23290947940064","-4.95313879556977"
"272","OG0010869","protein N-linked glycosylation via asparagine / protein N-linked glycosylation via asparagine","-1.31149469005981","-6.30020441938526"
"273","OG0010877","Belongs to the Ca(2 ) cation antiporter (CaCA) (TC 2.A.19) family / Belongs to the Ca(2 ) cation antiporter (CaCA) (TC 2.A.19) family","-1.05804258065515","-2.79626950933355"
"274","OG0010885","Sugar transporter / Sugar transporter","-1.81957654703584","-1.1808031291563"
"275","OG0010896","sphingolipid transporter activity / sphingolipid transporter activity","1.24024660934359","-1.01327995141027"
"276","OG0010946","GNS1/SUR4 family / GNS1/SUR4 family","-6.86232407636144","-1.45298022045581"
"277","OG0011004","axonemal dynein complex assembly / axonemal dynein complex assembly","-1.07234299421846","2.17213368495679"
"278","OG0011022","cell-cell junction organization / cell-cell junction organization","-2.05895918599867","-1.14013229281212"
"279","OG0011056","cytoskeletal anchoring at nuclear membrane / NA","-4.99280761052694","2.76857124617117"
"280","OG0011104","adenylate cyclase-activating G-protein coupled receptor signaling pathway / adenylate cyclase-activating G-protein coupled receptor signaling pathway","1.64916567347112","1.59929185029035"
"281","OG0011168","Cytochrome c1 / Cytochrome c1, heme protein","-3.59012309221241","-1.71623295272328"
"282","OG0011192","- / NA","1.69031475262911","-2.56607323365549"
"283","OG0011195","Belongs to the AAA ATPase family / Belongs to the AAA ATPase family","-1.20374946293316","-2.08792388321436"
"284","OG0011214","Belongs to the short-chain dehydrogenases reductases (SDR) family / Belongs to the short-chain dehydrogenases reductases (SDR) family","-6.44865524588843","-13.5375683513573"
"285","OG0011276","ribosomal protein / ribosomal protein","-1.00514436303467","-2.62854612354066"
"286","OG0011280","Asparaginyl-tRNA synthetase / Asparaginyl-tRNA synthetase","-3.62427949486216","-3.40248132287592"
"287","OG0011293","cellular copper ion homeostasis / cellular copper ion homeostasis","-8.90597300744961","-4.29989806936612"
"288","OG0011322","GDP-mannose 4,6-dehydratase activity / GDP-mannose","-1.94623327144479","-6.06444998861986"
"289","OG0011338","SOR/SNZ family / SOR/SNZ family","-1.92426991033073","-1.46756497668481"
"290","OG0011361","translation initiation factor activity / translation initiation factor activity","-1.77824886348855","-2.59164915943296"
"291","OG0011382","helix loop helix domain / helix loop helix domain","2.37323653559678","1.14297747144049"
"292","OG0011388","Lys63-specific deubiquitinase activity / Lys63-specific deubiquitinase activity","-2.46134715141248","-5.76664755612213"
"293","OG0011420","rRNA binding / rRNA binding","-1.57578999104661","-1.15005581663426"
"294","OG0011448","metalloendopeptidase activity / metalloendopeptidase activity","-1.91135536045106","-1.56012784290436"
"295","OG0011451","acid phosphatase activity / acid phosphatase activity","2.00930344468361","-1.72488840814938"
"296","OG0011455","Belongs to the peptidase M10A family / Belongs to the peptidase M10A family","-1.12602288857994","-2.33556552310013"
"297","OG0011480","Mitochondrial membrane ATP synthase (F(1)F(0) ATP synthase or Complex V) produces ATP from ADP in the presence of a proton gradient across the membrane which is generated by electron transport complexes of the respiratory chain. F-type ATPases consist of two structural domains, F(1) - containing the extramembraneous catalytic core and F(0) - containing the membrane proton channel, linked together by a central stalk and a peripheral stalk. During catalysis, ATP synthesis in the catalytic domain of F(1) is coupled via a rotary mechanism of the central stalk subunits to proton translocation. Part of the complex F(0) domain and the peripheric stalk, which acts as a stator to hold the catalytic alpha(3)beta(3) subcomplex and subunit a ATP6 static relative to the rotary elements / Mitochondrial membrane ATP synthase (F(1)F(0) ATP synthase or Complex V) produces ATP from ADP in the presence of a proton gradient across the membrane which is generated by electron transport complexes of the respiratory chain. F-type ATPases consist of two structural domains, F(1) - containing the extramembraneous catalytic core and F(0) - containing the membrane proton channel, linked together by a central stalk and a peripheral stalk. During catalysis, ATP synthesis in the catalytic domain of F(1) is coupled via a rotary mechanism of the central stalk subunits to proton translocation. Part of the complex F(0) domain and the peripheric stalk, which acts as a stator to hold the catalytic alpha(3)beta(3) subcomplex and subunit a ATP6 static relative to the rotary elements","2.05873982488852","-1.51015858461411"
"298","OG0011499","Heat shock 70 kDa protein 14 / Heat shock 70 kDa protein 14","-1.03763726839315","-1.13568624712958"
"299","OG0011617","acetate-CoA ligase activity / acetate-CoA ligase activity","-1.06547646827423","-3.8755414210802"
"300","OG0011630","translocation of peptides or proteins into host cell cytoplasm / translocation of peptides or proteins into host cell cytoplasm","-1.99742786720232","2.0889318515848"
"301","OG0011644","medium-chain fatty acid-CoA ligase activity / medium-chain fatty acid-CoA ligase activity","-2.95401988867689","-1.19589736873598"
"302","OG0011695","translation initiation factor activity / translation initiation factor activity","-1.99699569032135","-3.96561745091"
"303","OG0011704","osmolarity-sensing cation channel activity / osmolarity-sensing cation channel activity","1.09787404963537","1.5060710217721"
"304","OG0011801","regulation of protein catabolic process / regulation of protein catabolic process","-1.56254074204464","-2.43934357252739"
"305","OG0011807","phosphomannomutase activity / phosphomannomutase activity","-1.74202311184048","-2.08547273516055"
"306","OG0011899","structural constituent of ribosome / structural constituent of ribosome","-1.12942956954466","-1.75583855338544"
"307","OG0011919","Scaffold protein for the de novo synthesis of iron- sulfur (Fe-S) clusters within mitochondria, which is required for maturation of both mitochondrial and cytoplasmic 2Fe-2S and 4Fe-4S proteins / iron-sulfur transferase activity","-7.65725056109222","-3.31033443885908"
"308","OG0012106","acetyl-CoA / acetyl-CoA","-1.94983963215935","1.03511411297834"
"309","OG0012173","B-cell receptor-associated protein 31 / B-cell receptor-associated protein 31","-1.59472526729542","-1.67407006201049"
"310","OG0012179","dihydrofolate reductase activity / dihydrofolate reductase activity","16.6503112903868","2.76857124617117"
"311","OG0012284","protein polyubiquitination / protein polyubiquitination","1.15453306315942","1.38079713515077"
"312","OG0012304","10-hydroxy-9-(phosphonooxy)octadecanoate phosphatase activity / 10-hydroxy-9-(phosphonooxy)octadecanoate phosphatase activity","-3.66565487921392","1.22284820554902"
"313","OG0012318","Papain family cysteine protease / Papain family cysteine protease","-1.04603995485555","-2.82797819892975"
"314","OG0012364","solute carrier family 35, member D3 / solute carrier family 35, member D3","-2.39542366472501","-1.20538331962726"
"315","OG0012372","belongs to the actin family / ATP binding","2.52306032882599","1.22986691350818"
"316","OG0012378","negative regulation of DNA damage checkpoint / negative regulation of DNA damage checkpoint","-4.71884538683919","-5.64026488643692"
"317","OG0012409","mRNA processing / NA","-1.02157521933392","1.07907619559785"
"318","OG0012426","MDM2/MDM4 family protein binding / MDM2/MDM4 family protein binding","-4.0748071651171","-2.1369478234206"
"319","OG0012470","positive regulation of skeletal muscle acetylcholine-gated channel clustering / positive regulation of skeletal muscle acetylcholine-gated channel clustering","2.59678009226543","4.95482567418529"
"320","OG0012503","elongation of very long chain fatty acids protein / elongation of very long chain fatty acids protein","-1.70791291229278","-5.12788189396535"
"321","OG0012511","Eukaryotic translation initiation factor 4A, isoform / Eukaryotic initiation factor 4A-II isoform X1","-2.11600447679722","-5.48111050981286"
"322","OG0012544","thyroid hormone transmembrane transporter activity / thyroid hormone transmembrane transporter activity","-2.95483785313028","-2.32203579458186"
"323","OG0012570","structural constituent of ribosome / structural constituent of ribosome","-1.07890739594202","-1.03937576461292"
"324","OG0012573","Ubiquitin carboxyl-terminal hydrolase / Ubiquitin carboxyl-terminal hydrolase","-2.54187229032978","-3.45801408798215"
"325","OG0012576","plasma membrane repair / plasma membrane repair","-1.74387198749264","4.20737211404515"
"326","OG0012616","steroid binding / steroid binding","-3.69436078961761","-1.74791039000733"
"327","OG0012627","Cytidylyltransferase-like / Cytidylyltransferase-like","-5.5863580575192","-1.58595462301354"
"328","OG0012628","Glutathione S-transferase, N-terminal domain / Glutathione S-transferase, N-terminal domain","-6.62246299371662","-6.96261743253236"
"329","OG0012782","negative regulation of SNARE complex assembly / negative regulation of SNARE complex assembly","-6.04351437717593","-2.80095949164548"
"330","OG0012801","calcium-dependent cysteine-type endopeptidase activity / calcium-dependent cysteine-type endopeptidase activity","2.75659126963479","4.72818081951513"
"331","OG0012830","Chondroitin / Chondroitin","-2.50845982989452","-1.104438029743"
"332","OG0012846","5'-3' exoribonuclease activity / 5'-3' exoribonuclease activity","-13.7293295118422","-3.07791563978465"
"333","OG0012851","propionyl-CoA carboxylase activity / propionyl-CoA carboxylase activity","1.54987580758227","2.74904087053875"
"334","OG0012856","procollagen-lysine 5-dioxygenase activity / procollagen-lysine 5-dioxygenase activity","1.05565978474237","5.93324158679301"
"335","OG0012871","Avidin family / Avidin family","-1.14069907302748","-1.20344295760687"
"336","OG0012898","Phosphoethanolamine / Phosphoethanolamine","-2.54166814961938","-4.83218734723611"
"337","OG0012937","snRNA import into nucleus / snRNA import into nucleus","-3.4511272176611","-5.76664755612213"
"338","OG0012957","Major facilitator superfamily domain-containing protein 6-like / Major facilitator superfamily domain-containing protein 6-like","-1.80701357787701","-1.05834311086781"
"339","OG0013046","Microtubule binding / Kinesin motor, catalytic domain. ATPase.","-1.06095376235043","-1.48904279536902"
"340","OG0013054","glucokinase activity / glucokinase activity","-9.63718331781362","-2.17087522083608"
"341","OG0013102","heterogeneous nuclear ribonucleoprotein / heterogeneous nuclear ribonucleoprotein","-2.96597152298785","-2.7710478492035"
"342","OG0013147","AFG3-like protein / AFG3-like protein","-5.25601419975385","-10.8947439628239"
"343","OG0013221","L-lactate / L-lactate","-3.13225009053168","-1.14013229281212"
"344","OG0013245","tyrosine 3-monooxygenase tryptophan 5-monooxygenase activation protein, epsilon / Belongs to the 14-3-3 family","1.83907784385662","2.42689147052859"
"345","OG0013276","ADP biosynthetic process / ADP biosynthetic process","-5.60565335214978","-1.36866535008385"
